time_s,vertical_acceleration_mps2,barometer_altitude_m
0.00,0.0,0.0
0.20,60.0,0.6
0.80,60.0,18.0
0.90,-9.80665,22.5
1.80,-9.80665,56.0
2.40,-9.80665,70.0
3.20,-9.80665,76.0
4.00,-9.80665,70.0
4.80,-9.80665,55.0
